{"cameraMode":{"drawMode":0,"name":"Shaded","section":"Shading Mode"},"sceneLighting":false,"audioPlay":false,"sceneViewState":{"showFog":false,"showMaterialUpdate":false,"showSkybox":false,"showFlares":false,"showImageEffects":false,"showParticleSystems":false},"in2DMode":false,"pivot":{"x":-2.402345657348633,"y":1.1397638320922852,"z":-0.5446336269378662},"rotation":{"x":0.062281545251607898,"y":0.8077773451805115,"z":-0.08735854923725128,"w":0.5796866416931152},"size":4.91741418838501,"orthographic":false}