{"cameraMode":{"drawMode":0,"name":"Shaded","section":"Shading Mode"},"sceneLighting":false,"audioPlay":false,"sceneViewState":{"showFog":false,"showMaterialUpdate":false,"showSkybox":false,"showFlares":false,"showImageEffects":false,"showParticleSystems":false},"in2DMode":false,"pivot":{"x":-0.8510499596595764,"y":-0.19309315085411073,"z":-0.6426956057548523},"rotation":{"x":0.083443284034729,"y":0.7981787323951721,"z":-0.11430063843727112,"w":0.5856069326400757},"size":5.7767486572265629,"orthographic":false}