{"cameraMode":{"drawMode":0,"name":"Shaded","section":"Shading Mode"},"sceneLighting":false,"audioPlay":false,"sceneViewState":{"showFog":false,"showMaterialUpdate":false,"showSkybox":false,"showFlares":false,"showImageEffects":false,"showParticleSystems":false},"in2DMode":false,"pivot":{"x":-7.6722002029418949,"y":1.8986735343933106,"z":1.4083545207977296},"rotation":{"x":0.16393035650253297,"y":0.5464568734169006,"z":-0.11048224568367005,"w":0.8138532638549805},"size":2.3361871242523195,"orthographic":false}