{"cameraMode":{"drawMode":0,"name":"Shaded","section":"Shading Mode"},"sceneLighting":false,"audioPlay":false,"sceneViewState":{"showFog":false,"showMaterialUpdate":false,"showSkybox":false,"showFlares":false,"showImageEffects":false,"showParticleSystems":false},"in2DMode":false,"pivot":{"x":-1.0563373565673829,"y":1.3699641227722169,"z":1.3671085834503174},"rotation":{"x":0.05296814814209938,"y":0.6822807192802429,"z":-0.0501292385160923,"w":0.7274820804595947},"size":4.893857479095459,"orthographic":false}