{"cameraMode":{"drawMode":0,"name":"Shaded","section":"Shading Mode"},"sceneLighting":false,"audioPlay":false,"sceneViewState":{"showFog":false,"showMaterialUpdate":false,"showSkybox":false,"showFlares":false,"showImageEffects":false,"showParticleSystems":false},"in2DMode":false,"pivot":{"x":-0.39646896719932558,"y":1.0229723453521729,"z":0.2891220450401306},"rotation":{"x":0.06732185184955597,"y":0.7230817675590515,"z":-0.07167602330446243,"w":0.6837652325630188},"size":5.374081611633301,"orthographic":false}