{"cameraMode":{"drawMode":0,"name":"Shaded","section":"Shading Mode"},"sceneLighting":false,"audioPlay":false,"sceneViewState":{"showFog":false,"showMaterialUpdate":false,"showSkybox":false,"showFlares":false,"showImageEffects":false,"showParticleSystems":false},"in2DMode":false,"pivot":{"x":-5.146919250488281,"y":-2.2963552474975588,"z":1.8155827522277833},"rotation":{"x":0.26354172825813296,"y":0.38416972756385805,"z":-0.11581060290336609,"w":0.8772621154785156},"size":7.506669998168945,"orthographic":false}