{"cameraMode":{"drawMode":0,"name":"Shaded","section":"Shading Mode"},"sceneLighting":false,"audioPlay":false,"sceneViewState":{"showFog":false,"showMaterialUpdate":false,"showSkybox":false,"showFlares":false,"showImageEffects":false,"showParticleSystems":false},"in2DMode":false,"pivot":{"x":-2.3153295516967775,"y":-0.15615463256835938,"z":3.973104476928711},"rotation":{"x":0.16393035650253297,"y":0.5464568734169006,"z":-0.11048224568367005,"w":0.8138532638549805},"size":4.774081230163574,"orthographic":false}