{"cameraMode":{"drawMode":0,"name":"Shaded","section":"Shading Mode"},"sceneLighting":false,"audioPlay":false,"sceneViewState":{"showFog":false,"showMaterialUpdate":false,"showSkybox":false,"showFlares":false,"showImageEffects":false,"showParticleSystems":false},"in2DMode":false,"pivot":{"x":-9.659109115600586,"y":1.8716375827789307,"z":1.6166356801986695},"rotation":{"x":0.08070802688598633,"y":0.7732605338096619,"z":-0.10105828940868378,"w":0.6208019256591797},"size":1.0770518779754639,"orthographic":false}