{"cameraMode":{"drawMode":0,"name":"Shaded","section":"Shading Mode"},"sceneLighting":false,"audioPlay":false,"sceneViewState":{"showFog":false,"showMaterialUpdate":false,"showSkybox":false,"showFlares":false,"showImageEffects":false,"showParticleSystems":false},"in2DMode":false,"pivot":{"x":-1.796970248222351,"y":0.9666963219642639,"z":2.465954065322876},"rotation":{"x":0.11682341992855072,"y":0.6548624038696289,"z":-0.10391293466091156,"w":0.739433228969574},"size":5.059484004974365,"orthographic":false}