{"cameraMode":{"drawMode":0,"name":"Shaded","section":"Shading Mode"},"sceneLighting":false,"audioPlay":false,"sceneViewState":{"showFog":false,"showMaterialUpdate":false,"showSkybox":false,"showFlares":false,"showImageEffects":false,"showParticleSystems":false},"in2DMode":false,"pivot":{"x":89.57976531982422,"y":-51.88704299926758,"z":6.241560935974121},"rotation":{"x":0.1746653914451599,"y":0.6704343557357788,"z":-0.16598621010780335,"w":0.702010452747345},"size":61.74860763549805,"orthographic":false}