{"cameraMode":{"drawMode":0,"name":"Shaded","section":"Shading Mode"},"sceneLighting":false,"audioPlay":false,"sceneViewState":{"showFog":false,"showMaterialUpdate":false,"showSkybox":false,"showFlares":false,"showImageEffects":false,"showParticleSystems":false},"in2DMode":false,"pivot":{"x":-9.454139709472657,"y":3.0443246364593508,"z":1.960718035697937},"rotation":{"x":-0.08295276015996933,"y":-0.7955744862556458,"z":0.11245056241750717,"w":-0.5895732045173645},"size":0.8822731375694275,"orthographic":false}