{"cameraMode":{"drawMode":0,"name":"Shaded","section":"Shading Mode"},"sceneLighting":false,"audioPlay":false,"sceneViewState":{"showFog":false,"showMaterialUpdate":false,"showSkybox":false,"showFlares":false,"showImageEffects":false,"showParticleSystems":false},"in2DMode":false,"pivot":{"x":-6.745737552642822,"y":2.796032428741455,"z":1.0850244760513306},"rotation":{"x":0.06338624656200409,"y":0.8217483162879944,"z":-0.09385034441947937,"w":0.5585331320762634},"size":2.5837197303771974,"orthographic":false}