{"cameraMode":{"drawMode":0,"name":"Shaded","section":"Shading Mode"},"sceneLighting":false,"audioPlay":false,"sceneViewState":{"showFog":false,"showMaterialUpdate":false,"showSkybox":false,"showFlares":false,"showImageEffects":false,"showParticleSystems":false},"in2DMode":false,"pivot":{"x":-1.0703222751617432,"y":1.4960179328918458,"z":0.2394777536392212},"rotation":{"x":0.07521737366914749,"y":0.7621188759803772,"z":-0.09055642783641815,"w":0.6366854906082153},"size":5.814837455749512,"orthographic":false}