{"cameraMode":{"drawMode":0,"name":"Shaded","section":"Shading Mode"},"sceneLighting":false,"audioPlay":false,"sceneViewState":{"showFog":false,"showMaterialUpdate":false,"showSkybox":false,"showFlares":false,"showImageEffects":false,"showParticleSystems":false},"in2DMode":false,"pivot":{"x":0.17571018636226655,"y":12.1899995803833,"z":37.163753509521487},"rotation":{"x":0.2367769479751587,"y":0.19115319848060609,"z":-0.04794534668326378,"w":0.9513896703720093},"size":1.1113200187683106,"orthographic":false}