{"cameraMode":{"drawMode":0,"name":"Shaded","section":"Shading Mode"},"sceneLighting":false,"audioPlay":false,"sceneViewState":{"showFog":false,"showMaterialUpdate":false,"showSkybox":false,"showFlares":false,"showImageEffects":false,"showParticleSystems":false},"in2DMode":false,"pivot":{"x":-1.7100046873092652,"y":0.6891976594924927,"z":-0.3963991403579712},"rotation":{"x":0.08828609436750412,"y":0.8206366896629334,"z":-0.13261355459690095,"w":0.5488434433937073},"size":5.044920921325684,"orthographic":false}