{"cameraMode":{"drawMode":0,"name":"Shaded","section":"Shading Mode"},"sceneLighting":false,"audioPlay":false,"sceneViewState":{"showFog":false,"showMaterialUpdate":false,"showSkybox":false,"showFlares":false,"showImageEffects":false,"showParticleSystems":false},"in2DMode":false,"pivot":{"x":-3.339595317840576,"y":1.6333904266357422,"z":-0.6932785511016846},"rotation":{"x":0.07342483103275299,"y":0.8278588652610779,"z":-0.11219972372055054,"w":0.544721782207489},"size":4.774081230163574,"orthographic":false}