{"cameraMode":{"drawMode":0,"name":"Shaded","section":"Shading Mode"},"sceneLighting":false,"audioPlay":false,"sceneViewState":{"showFog":false,"showMaterialUpdate":false,"showSkybox":false,"showFlares":false,"showImageEffects":false,"showParticleSystems":false},"in2DMode":false,"pivot":{"x":-1.231935739517212,"y":0.47007709741592409,"z":3.247797727584839},"rotation":{"x":0.11926372349262238,"y":0.69959557056427,"z":-0.12068241834640503,"w":0.6941394209861755},"size":5.360768795013428,"orthographic":false}