{"cameraMode":{"drawMode":0,"name":"Shaded","section":"Shading Mode"},"sceneLighting":true,"audioPlay":false,"sceneViewState":{"showFog":false,"showMaterialUpdate":false,"showSkybox":false,"showFlares":false,"showImageEffects":false,"showParticleSystems":false},"in2DMode":false,"pivot":{"x":-11.476523399353028,"y":22.128849029541017,"z":17.78389549255371},"rotation":{"x":0.1454516351222992,"y":0.7450100779533386,"z":-0.1731463074684143,"w":0.6276339888572693},"size":6.918739318847656,"orthographic":false}