{"cameraMode":{"drawMode":0,"name":"Shaded","section":"Shading Mode"},"sceneLighting":false,"audioPlay":false,"sceneViewState":{"showFog":false,"showMaterialUpdate":false,"showSkybox":false,"showFlares":false,"showImageEffects":false,"showParticleSystems":false},"in2DMode":false,"pivot":{"x":11.726818084716797,"y":1.7492791414260865,"z":-0.6413252353668213},"rotation":{"x":0.19818215072155,"y":-0.3575824499130249,"z":0.07859060168266297,"w":0.9094204306602478},"size":1.7910590171813965,"orthographic":false}