{"cameraMode":{"drawMode":0,"name":"Shaded","section":"Shading Mode"},"sceneLighting":false,"audioPlay":false,"sceneViewState":{"showFog":false,"showMaterialUpdate":false,"showSkybox":false,"showFlares":false,"showImageEffects":false,"showParticleSystems":false},"in2DMode":false,"pivot":{"x":-2.5391016006469728,"y":-0.3383977711200714,"z":-2.8840174674987795},"rotation":{"x":0.09932231158018112,"y":0.8408058881759644,"z":-0.165798619389534,"w":0.5057108402252197},"size":5.017271518707275,"orthographic":false}