{"cameraMode":{"drawMode":0,"name":"Shaded","section":"Shading Mode"},"sceneLighting":false,"audioPlay":false,"sceneViewState":{"showFog":false,"showMaterialUpdate":false,"showSkybox":false,"showFlares":false,"showImageEffects":false,"showParticleSystems":false},"in2DMode":false,"pivot":{"x":-0.3187083601951599,"y":0.49844080209732058,"z":0.16845953464508058},"rotation":{"x":0.0019763936288654806,"y":-0.9979094862937927,"z":0.06625515222549439,"w":0.021784469485282899},"size":0.37458959221839907,"orthographic":false}