{"cameraMode":{"drawMode":0,"name":"Shaded","section":"Shading Mode"},"sceneLighting":false,"audioPlay":false,"sceneViewState":{"m_AlwaysRefresh":false,"showFog":false,"showSkybox":false,"showFlares":false,"showImageEffects":false,"showParticleSystems":false,"showVisualEffectGraphs":true,"m_FxEnabled":true},"in2DMode":false,"pivot":{"x":0.7047910690307617,"y":4.2974443435668949,"z":-0.030848026275634767},"rotation":{"x":0.3311651051044464,"y":0.3152676820755005,"z":-0.11845124512910843,"w":0.8814247250556946},"size":5.3014912605285648,"orthographic":false}